table,rows_in,rows_out,rejected,critical_failures,timestamp,runtime_s
companies,92,92,0,0,2026-10-04T11:10:20,0.007
sectors,92,92,0,0,2026-10-04T11:10:20,0.005
profitandloss,1276,1070,206,218,2026-10-04T11:10:20,0.009
balancesheet,1312,1140,172,177,2026-10-04T11:10:20,0.013
cashflow,1187,1056,131,131,2026-10-04T11:10:20,0.007
analysis,20,16,4,4,2026-10-04T11:10:20,0.003
documents,1585,1457,128,128,2026-10-04T11:10:20,0.007
prosandcons,16,14,2,2,2026-10-04T11:10:20,0.003
stock_prices,5520,5520,0,0,2026-10-04T11:10:20,0.026
market_cap,552,552,0,0,2026-10-04T11:10:20,0.006
financial_ratios,1184,1041,143,24,2026-10-04T11:10:20,0.01
peer_groups,56,56,0,0,2026-10-04T11:10:20,0.005
